{"cameraMode":{"drawMode":0,"name":"Shaded","section":"Shading Mode"},"sceneLighting":false,"audioPlay":false,"sceneViewState":{"m_AlwaysRefresh":false,"showFog":true,"showSkybox":false,"showFlares":true,"showImageEffects":true,"showParticleSystems":true,"showVisualEffectGraphs":true,"m_FxEnabled":true},"in2DMode":false,"pivot":{"x":-1.0911235809326172,"y":-1.297157645225525,"z":0.1625281274318695},"rotation":{"x":0.17181847989559174,"y":-0.7184913754463196,"z":0.19098788499832154,"w":0.6463704705238342},"size":2.6912388801574709,"orthographic":false}